actor_id,name,household,occupation,crew,work_locus,social_cluster,named_role
0,Ero Drallen,0,miner,mine_a,mine_a,0,settlement_leader
1,Drev Katel,0,miner,mine_a,mine_a,1,named_settler
2,Settler 03,0,miner,mine_a,mine_a,2,
3,Settler 04,1,miner,mine_a,mine_a,3,
4,Settler 05,1,miner,mine_a,mine_a,4,
5,Settler 06,1,miner,mine_b,mine_b,5,
6,Settler 07,2,miner,mine_b,mine_b,0,
7,Settler 08,2,miner,mine_b,mine_b,1,
8,Settler 09,2,miner,mine_b,mine_b,2,
9,Settler 10,3,miner,mine_b,mine_b,3,
10,Settler 11,3,agriculture,agriculture_1,greenhouse,4,
11,Settler 12,3,agriculture,agriculture_1,greenhouse,5,
12,Settler 13,4,agriculture,agriculture_1,greenhouse,0,
13,Settler 14,4,agriculture,agriculture_1,greenhouse,1,
14,Settler 15,4,agriculture,agriculture_1,greenhouse,2,
15,Settler 16,5,agriculture,agriculture_2,greenhouse,3,
16,Settler 17,5,maintenance,maintenance_1,workshop,4,
17,Settler 18,5,maintenance,maintenance_1,workshop,5,
18,Settler 19,6,maintenance,maintenance_1,workshop,0,
19,Settler 20,6,maintenance,maintenance_1,workshop,1,
20,Settler 21,6,maintenance,maintenance_1,workshop,2,
21,Settler 22,7,logistics,logistics_1,depot,3,
22,Settler 23,7,logistics,logistics_1,depot,4,
23,Settler 24,7,logistics,logistics_1,depot,5,
24,Settler 25,8,logistics,logistics_1,depot,0,
25,Settler 26,8,security,security_1,security_post,1,
26,Settler 27,8,security,security_1,security_post,2,
27,Settler 28,9,security,security_1,security_post,3,
28,Settler 29,9,security,security_1,security_post,4,
29,Settler 30,9,medical,medical_1,clinic,5,
30,Settler 31,10,medical,medical_1,clinic,0,
31,Settler 32,10,administration,administration_1,administration,1,
32,Settler 33,10,administration,administration_1,administration,2,
33,Settler 34,11,administration,administration_1,administration,3,
34,Settler 35,11,leadership,leadership_1,administration,4,
35,Settler 36,11,leadership,leadership_1,administration,5,
