actor_id,start,end,start_time,end_time,locus,context,activity
0,480,510,08:00,08:30,home_01,home,household_morning
0,510,535,08:30,08:55,mine_path,transit,commute
0,535,710,08:55,11:50,mine_a,work,morning_work
0,710,725,11:50,12:05,central_path,transit,to_midday
0,725,775,12:05,12:55,commons,commons,midday_meal
0,775,790,12:55,13:10,central_path,transit,from_midday
0,790,925,13:10,15:25,mine_a,work,afternoon_work
0,925,960,15:25,16:00,social_01,social,late_day_social
1,480,510,08:00,08:30,home_01,home,household_morning
1,510,535,08:30,08:55,mine_path,transit,commute
1,535,710,08:55,11:50,mine_a,work,morning_work
1,710,725,11:50,12:05,central_path,transit,to_midday
1,725,775,12:05,12:55,commons,commons,midday_meal
1,775,790,12:55,13:10,central_path,transit,from_midday
1,790,925,13:10,15:25,mine_a,work,afternoon_work
1,925,960,15:25,16:00,social_02,social,late_day_social
2,480,510,08:00,08:30,home_01,home,household_morning
2,510,535,08:30,08:55,mine_path,transit,commute
2,535,710,08:55,11:50,mine_a,work,morning_work
2,710,725,11:50,12:05,central_path,transit,to_midday
2,725,775,12:05,12:55,commons,commons,midday_meal
2,775,790,12:55,13:10,central_path,transit,from_midday
2,790,925,13:10,15:25,mine_a,work,afternoon_work
2,925,960,15:25,16:00,social_03,social,late_day_social
3,480,510,08:00,08:30,home_02,home,household_morning
3,510,535,08:30,08:55,mine_path,transit,commute
3,535,710,08:55,11:50,mine_a,work,morning_work
3,710,725,11:50,12:05,central_path,transit,to_midday
3,725,775,12:05,12:55,commons,commons,midday_meal
3,775,790,12:55,13:10,central_path,transit,from_midday
3,790,925,13:10,15:25,mine_a,work,afternoon_work
3,925,960,15:25,16:00,social_04,social,late_day_social
4,480,510,08:00,08:30,home_02,home,household_morning
4,510,535,08:30,08:55,mine_path,transit,commute
4,535,710,08:55,11:50,mine_a,work,morning_work
4,710,725,11:50,12:05,central_path,transit,to_midday
4,725,775,12:05,12:55,commons,commons,midday_meal
4,775,790,12:55,13:10,central_path,transit,from_midday
4,790,925,13:10,15:25,mine_a,work,afternoon_work
4,925,960,15:25,16:00,social_05,social,late_day_social
5,480,510,08:00,08:30,home_02,home,household_morning
5,510,535,08:30,08:55,mine_path,transit,commute
5,535,710,08:55,11:50,mine_b,work,morning_work
5,710,725,11:50,12:05,central_path,transit,to_midday
5,725,775,12:05,12:55,commons,commons,midday_meal
5,775,790,12:55,13:10,central_path,transit,from_midday
5,790,925,13:10,15:25,mine_b,work,afternoon_work
5,925,960,15:25,16:00,social_06,social,late_day_social
6,480,510,08:00,08:30,home_03,home,household_morning
6,510,535,08:30,08:55,mine_path,transit,commute
6,535,710,08:55,11:50,mine_b,work,morning_work
6,710,725,11:50,12:05,central_path,transit,to_midday
6,725,775,12:05,12:55,commons,commons,midday_meal
6,775,790,12:55,13:10,central_path,transit,from_midday
6,790,925,13:10,15:25,mine_b,work,afternoon_work
6,925,960,15:25,16:00,social_01,social,late_day_social
7,480,510,08:00,08:30,home_03,home,household_morning
7,510,535,08:30,08:55,mine_path,transit,commute
7,535,710,08:55,11:50,mine_b,work,morning_work
7,710,725,11:50,12:05,central_path,transit,to_midday
7,725,775,12:05,12:55,commons,commons,midday_meal
7,775,790,12:55,13:10,central_path,transit,from_midday
7,790,925,13:10,15:25,mine_b,work,afternoon_work
7,925,960,15:25,16:00,social_02,social,late_day_social
8,480,510,08:00,08:30,home_03,home,household_morning
8,510,535,08:30,08:55,mine_path,transit,commute
8,535,710,08:55,11:50,mine_b,work,morning_work
8,710,725,11:50,12:05,central_path,transit,to_midday
8,725,775,12:05,12:55,commons,commons,midday_meal
8,775,790,12:55,13:10,central_path,transit,from_midday
8,790,925,13:10,15:25,mine_b,work,afternoon_work
8,925,960,15:25,16:00,social_03,social,late_day_social
9,480,510,08:00,08:30,home_04,home,household_morning
9,510,535,08:30,08:55,mine_path,transit,commute
9,535,710,08:55,11:50,mine_b,work,morning_work
9,710,725,11:50,12:05,central_path,transit,to_midday
9,725,775,12:05,12:55,commons,commons,midday_meal
9,775,790,12:55,13:10,central_path,transit,from_midday
9,790,925,13:10,15:25,mine_b,work,afternoon_work
9,925,960,15:25,16:00,social_04,social,late_day_social
10,480,510,08:00,08:30,home_04,home,household_morning
10,510,535,08:30,08:55,central_path,transit,commute
10,535,710,08:55,11:50,greenhouse,work,morning_work
10,710,725,11:50,12:05,central_path,transit,to_midday
10,725,775,12:05,12:55,commons,commons,midday_meal
10,775,790,12:55,13:10,central_path,transit,from_midday
10,790,925,13:10,15:25,greenhouse,work,afternoon_work
10,925,960,15:25,16:00,social_05,social,late_day_social
11,480,510,08:00,08:30,home_04,home,household_morning
11,510,535,08:30,08:55,central_path,transit,commute
11,535,710,08:55,11:50,greenhouse,work,morning_work
11,710,725,11:50,12:05,central_path,transit,to_midday
11,725,775,12:05,12:55,commons,commons,midday_meal
11,775,790,12:55,13:10,central_path,transit,from_midday
11,790,925,13:10,15:25,greenhouse,work,afternoon_work
11,925,960,15:25,16:00,social_06,social,late_day_social
12,480,510,08:00,08:30,home_05,home,household_morning
12,510,535,08:30,08:55,central_path,transit,commute
12,535,710,08:55,11:50,greenhouse,work,morning_work
12,710,725,11:50,12:05,central_path,transit,to_midday
12,725,775,12:05,12:55,commons,commons,midday_meal
12,775,790,12:55,13:10,central_path,transit,from_midday
12,790,925,13:10,15:25,greenhouse,work,afternoon_work
12,925,960,15:25,16:00,social_01,social,late_day_social
13,480,510,08:00,08:30,home_05,home,household_morning
13,510,535,08:30,08:55,central_path,transit,commute
13,535,710,08:55,11:50,greenhouse,work,morning_work
13,710,725,11:50,12:05,central_path,transit,to_midday
13,725,775,12:05,12:55,commons,commons,midday_meal
13,775,790,12:55,13:10,central_path,transit,from_midday
13,790,925,13:10,15:25,greenhouse,work,afternoon_work
13,925,960,15:25,16:00,social_02,social,late_day_social
14,480,510,08:00,08:30,home_05,home,household_morning
14,510,535,08:30,08:55,central_path,transit,commute
14,535,710,08:55,11:50,greenhouse,work,morning_work
14,710,725,11:50,12:05,central_path,transit,to_midday
14,725,775,12:05,12:55,commons,commons,midday_meal
14,775,790,12:55,13:10,central_path,transit,from_midday
14,790,925,13:10,15:25,greenhouse,work,afternoon_work
14,925,960,15:25,16:00,social_03,social,late_day_social
15,480,510,08:00,08:30,home_06,home,household_morning
15,510,535,08:30,08:55,central_path,transit,commute
15,535,710,08:55,11:50,greenhouse,work,morning_work
15,710,725,11:50,12:05,central_path,transit,to_midday
15,725,775,12:05,12:55,commons,commons,midday_meal
15,775,790,12:55,13:10,central_path,transit,from_midday
15,790,925,13:10,15:25,greenhouse,work,afternoon_work
15,925,960,15:25,16:00,social_04,social,late_day_social
16,480,510,08:00,08:30,home_06,home,household_morning
16,510,535,08:30,08:55,central_path,transit,commute
16,535,710,08:55,11:50,workshop,work,morning_work
16,710,725,11:50,12:05,central_path,transit,to_midday
16,725,775,12:05,12:55,commons,commons,midday_meal
16,775,790,12:55,13:10,central_path,transit,from_midday
16,790,925,13:10,15:25,workshop,work,afternoon_work
16,925,960,15:25,16:00,social_05,social,late_day_social
17,480,510,08:00,08:30,home_06,home,household_morning
17,510,535,08:30,08:55,central_path,transit,commute
17,535,710,08:55,11:50,workshop,work,morning_work
17,710,725,11:50,12:05,central_path,transit,to_midday
17,725,775,12:05,12:55,commons,commons,midday_meal
17,775,790,12:55,13:10,central_path,transit,from_midday
17,790,925,13:10,15:25,workshop,work,afternoon_work
17,925,960,15:25,16:00,social_06,social,late_day_social
18,480,510,08:00,08:30,home_07,home,household_morning
18,510,535,08:30,08:55,central_path,transit,commute
18,535,710,08:55,11:50,workshop,work,morning_work
18,710,725,11:50,12:05,central_path,transit,to_midday
18,725,775,12:05,12:55,commons,commons,midday_meal
18,775,790,12:55,13:10,central_path,transit,from_midday
18,790,925,13:10,15:25,workshop,work,afternoon_work
18,925,960,15:25,16:00,social_01,social,late_day_social
19,480,510,08:00,08:30,home_07,home,household_morning
19,510,535,08:30,08:55,central_path,transit,commute
19,535,710,08:55,11:50,workshop,work,morning_work
19,710,725,11:50,12:05,central_path,transit,to_midday
19,725,775,12:05,12:55,commons,commons,midday_meal
19,775,790,12:55,13:10,central_path,transit,from_midday
19,790,925,13:10,15:25,workshop,work,afternoon_work
19,925,960,15:25,16:00,social_02,social,late_day_social
20,480,510,08:00,08:30,home_07,home,household_morning
20,510,535,08:30,08:55,central_path,transit,commute
20,535,710,08:55,11:50,workshop,work,morning_work
20,710,725,11:50,12:05,central_path,transit,to_midday
20,725,775,12:05,12:55,commons,commons,midday_meal
20,775,790,12:55,13:10,central_path,transit,from_midday
20,790,925,13:10,15:25,workshop,work,afternoon_work
20,925,960,15:25,16:00,social_03,social,late_day_social
21,480,510,08:00,08:30,home_08,home,household_morning
21,510,535,08:30,08:55,central_path,transit,commute
21,535,710,08:55,11:50,depot,work,morning_work
21,710,725,11:50,12:05,central_path,transit,to_midday
21,725,775,12:05,12:55,commons,commons,midday_meal
21,775,790,12:55,13:10,central_path,transit,from_midday
21,790,925,13:10,15:25,depot,work,afternoon_work
21,925,960,15:25,16:00,social_04,social,late_day_social
22,480,510,08:00,08:30,home_08,home,household_morning
22,510,535,08:30,08:55,central_path,transit,commute
22,535,710,08:55,11:50,depot,work,morning_work
22,710,725,11:50,12:05,central_path,transit,to_midday
22,725,775,12:05,12:55,commons,commons,midday_meal
22,775,790,12:55,13:10,central_path,transit,from_midday
22,790,925,13:10,15:25,depot,work,afternoon_work
22,925,960,15:25,16:00,social_05,social,late_day_social
23,480,510,08:00,08:30,home_08,home,household_morning
23,510,535,08:30,08:55,central_path,transit,commute
23,535,710,08:55,11:50,depot,work,morning_work
23,710,725,11:50,12:05,central_path,transit,to_midday
23,725,775,12:05,12:55,commons,commons,midday_meal
23,775,790,12:55,13:10,central_path,transit,from_midday
23,790,925,13:10,15:25,depot,work,afternoon_work
23,925,960,15:25,16:00,social_06,social,late_day_social
24,480,510,08:00,08:30,home_09,home,household_morning
24,510,535,08:30,08:55,central_path,transit,commute
24,535,710,08:55,11:50,depot,work,morning_work
24,710,725,11:50,12:05,central_path,transit,to_midday
24,725,775,12:05,12:55,commons,commons,midday_meal
24,775,790,12:55,13:10,central_path,transit,from_midday
24,790,925,13:10,15:25,depot,work,afternoon_work
24,925,960,15:25,16:00,social_01,social,late_day_social
25,480,510,08:00,08:30,home_09,home,household_morning
25,510,535,08:30,08:55,central_path,transit,commute
25,535,710,08:55,11:50,security_post,work,morning_work
25,710,725,11:50,12:05,central_path,transit,to_midday
25,725,775,12:05,12:55,commons,commons,midday_meal
25,775,790,12:55,13:10,central_path,transit,from_midday
25,790,925,13:10,15:25,security_post,work,afternoon_work
25,925,960,15:25,16:00,social_02,social,late_day_social
26,480,510,08:00,08:30,home_09,home,household_morning
26,510,535,08:30,08:55,central_path,transit,commute
26,535,710,08:55,11:50,security_post,work,morning_work
26,710,725,11:50,12:05,central_path,transit,to_midday
26,725,775,12:05,12:55,commons,commons,midday_meal
26,775,790,12:55,13:10,central_path,transit,from_midday
26,790,925,13:10,15:25,security_post,work,afternoon_work
26,925,960,15:25,16:00,social_03,social,late_day_social
27,480,510,08:00,08:30,home_10,home,household_morning
27,510,535,08:30,08:55,central_path,transit,commute
27,535,710,08:55,11:50,security_post,work,morning_work
27,710,725,11:50,12:05,central_path,transit,to_midday
27,725,775,12:05,12:55,commons,commons,midday_meal
27,775,790,12:55,13:10,central_path,transit,from_midday
27,790,925,13:10,15:25,security_post,work,afternoon_work
27,925,960,15:25,16:00,social_04,social,late_day_social
28,480,510,08:00,08:30,home_10,home,household_morning
28,510,535,08:30,08:55,central_path,transit,commute
28,535,710,08:55,11:50,security_post,work,morning_work
28,710,725,11:50,12:05,central_path,transit,to_midday
28,725,775,12:05,12:55,commons,commons,midday_meal
28,775,790,12:55,13:10,central_path,transit,from_midday
28,790,925,13:10,15:25,security_post,work,afternoon_work
28,925,960,15:25,16:00,social_05,social,late_day_social
29,480,510,08:00,08:30,home_10,home,household_morning
29,510,535,08:30,08:55,central_path,transit,commute
29,535,710,08:55,11:50,clinic,work,morning_work
29,710,725,11:50,12:05,central_path,transit,to_midday
29,725,775,12:05,12:55,commons,commons,midday_meal
29,775,790,12:55,13:10,central_path,transit,from_midday
29,790,925,13:10,15:25,clinic,work,afternoon_work
29,925,960,15:25,16:00,social_06,social,late_day_social
30,480,510,08:00,08:30,home_11,home,household_morning
30,510,535,08:30,08:55,central_path,transit,commute
30,535,710,08:55,11:50,clinic,work,morning_work
30,710,725,11:50,12:05,central_path,transit,to_midday
30,725,775,12:05,12:55,commons,commons,midday_meal
30,775,790,12:55,13:10,central_path,transit,from_midday
30,790,925,13:10,15:25,clinic,work,afternoon_work
30,925,960,15:25,16:00,social_01,social,late_day_social
31,480,510,08:00,08:30,home_11,home,household_morning
31,510,535,08:30,08:55,central_path,transit,commute
31,535,710,08:55,11:50,administration,work,morning_work
31,710,725,11:50,12:05,central_path,transit,to_midday
31,725,775,12:05,12:55,commons,commons,midday_meal
31,775,790,12:55,13:10,central_path,transit,from_midday
31,790,925,13:10,15:25,administration,work,afternoon_work
31,925,960,15:25,16:00,social_02,social,late_day_social
32,480,510,08:00,08:30,home_11,home,household_morning
32,510,535,08:30,08:55,central_path,transit,commute
32,535,710,08:55,11:50,administration,work,morning_work
32,710,725,11:50,12:05,central_path,transit,to_midday
32,725,775,12:05,12:55,commons,commons,midday_meal
32,775,790,12:55,13:10,central_path,transit,from_midday
32,790,925,13:10,15:25,administration,work,afternoon_work
32,925,960,15:25,16:00,social_03,social,late_day_social
33,480,510,08:00,08:30,home_12,home,household_morning
33,510,535,08:30,08:55,central_path,transit,commute
33,535,710,08:55,11:50,administration,work,morning_work
33,710,725,11:50,12:05,central_path,transit,to_midday
33,725,775,12:05,12:55,commons,commons,midday_meal
33,775,790,12:55,13:10,central_path,transit,from_midday
33,790,925,13:10,15:25,administration,work,afternoon_work
33,925,960,15:25,16:00,social_04,social,late_day_social
34,480,510,08:00,08:30,home_12,home,household_morning
34,510,535,08:30,08:55,central_path,transit,commute
34,535,710,08:55,11:50,administration,work,morning_work
34,710,725,11:50,12:05,central_path,transit,to_midday
34,725,775,12:05,12:55,commons,commons,midday_meal
34,775,790,12:55,13:10,central_path,transit,from_midday
34,790,925,13:10,15:25,administration,work,afternoon_work
34,925,960,15:25,16:00,social_05,social,late_day_social
35,480,510,08:00,08:30,home_12,home,household_morning
35,510,535,08:30,08:55,central_path,transit,commute
35,535,710,08:55,11:50,administration,work,morning_work
35,710,725,11:50,12:05,central_path,transit,to_midday
35,725,775,12:05,12:55,commons,commons,midday_meal
35,775,790,12:55,13:10,central_path,transit,from_midday
35,790,925,13:10,15:25,administration,work,afternoon_work
35,925,960,15:25,16:00,social_06,social,late_day_social
